Leona, Aiken, ASU, Psychology, Purdue
Leona, Aiken, ASU, Psychology, Purdue
Eric, Amazeen, ASU, Psychology, University
Eric, Amazeen, ASU, Psychology, University
Nia, Amazeen, ASU, Psychology, University
Nia, Amazeen, ASU, Psychology, University
Manuel, Barrera, ASU, Psychology, University
Manuel, Barrera, ASU, Psychology, University
Heather, Bimonte-Nelson, ASU, Psychology, University
Heather, Bimonte-Nelson, ASU, Psychology, University
Gene, Brewer, ASU, Psychology, University
Gene, Brewer, ASU, Psychology, University
Laurie, Chassin, ASU, Psychology, Columbia
Laurie, Chassin, ASU, Psychology, Columbia
Howard, Adelman, UCLA, Psychology, UCLA
Robert, Asarnow, UCLA, Psychology, Wayne State University
Bruce, Baker, UCLA, Psychology, Yale University
Carrie, Bearden, UCLA, Psychology, University of Pennsylvania
Robert, Bilder, UCLA, Psychology, City College
James, Bisley, UCLA, Psychology, University of Melbourne in Australia
Elizabeth, Bjork, UCLA, Psychology, University of Michigan
Jan, Blacher, UCLA, Psychology, University of North Carolina at Chapel Hill
Aaron, Blaisdell, UCLA, Psychology, SUNY Binghamton
Susan, Bookheimer, UCLA, Psychology, Wayne State University School of Medicine
Julienne, Bower, UCLA, Psychology, UCLA
Li, Cai, UCLA, Psychology, University of North Carolina - Chapel Hill
Alan, Castel, UCLA, Psychology, University of Toronto (2004)
Denise, Chavira, UCLA, Psychology, San Diego Sate University/University of California San Diego Joint Doctoral Program in Clinical Psychology
Patricia, Cheng, UCLA, Psychology, University of Michigan
Bruce, Chorpita, UCLA, Psychology, University at Albany
Mark, Cohen, UCLA, Psychology, The Rockefeller University
Barry, Collins, UCLA, Psychology, Ph.D. Northwestern University
Naomi, Eisenberger, UCLA, Psychology, UCLA
Craig, Fox, UCLA, Psychology, Stanford University
Andrew, Fuligni, UCLA, Psychology, University of Michigan
Adriana, Galván, UCLA, Psychology, Neuroscience at Weill Medical College of Cornell University
R., Geiselman, UCLA, Psychology, (Ohio University); MS (Ohio University); BS (Purdue University)
Phillip, Goff, UCLA, Psychology, Stanford University
Noah, Goldstein, UCLA, Psychology, Arizona State University
Elisheva, Gross, UCLA, Psychology, University of California
Martie, Haselton, UCLA, Psychology, University of Texas at Austin
Yuen, Huo, UCLA, Psychology, University of California
Alicia, Izquierdo, UCLA, Psychology, The George Washington University
J., Jentsch, UCLA, Psychology, Yale University (Neurobiology)
Scott, Johnson, UCLA, Psychology, Arizona State University
Benjamin, Karney, UCLA, Psychology, University of California
Danielle, Keenan-Miller, UCLA, Psychology, University of California
Barbara, Knowlton, UCLA, Psychology, Stanford University
Jennifer, Krull, UCLA, Psychology, Arizona State University
Steve, Lee, UCLA, Psychology, University of California
Matthew, Lieberman, UCLA, Psychology, Harvard University
Zili, Liu, UCLA, Psychology, Brown University
Hongjing, Lu, UCLA, Psychology, UCLA
Albert, Mehrabian, UCLA, Psychology, Clark University
Gregory, Miller, UCLA, Psychology, University of Wisconsin-Madison
Thomas, Minor, UCLA, Psychology, Ph.D. State University of New York at Stony Brook
Martin, Monti, UCLA, Psychology, Princeton University Ph.D. (2007)
Letitia, Peplau, UCLA, Psychology, Harvard University
Lara, Ray, UCLA, Psychology, University of Colorado at Boulder
Steven, Reise, UCLA, Psychology, University of Minnesota
Jesse, Rissman, UCLA, Psychology, University of California
Theodore, Robles, UCLA, Psychology, The Ohio State University
David, Sears, UCLA, Psychology, Yale University
Jenessa, Shapiro, UCLA, Psychology, Arizona State University
James, Stigler, UCLA, Psychology, University of Michigan
A., Tomiyama, UCLA, Psychology, UCLA
Nim, Tottenham, UCLA, Psychology, University of Minnesota: Developmental Psychology &amp; Neuroscience
Kate, Wassum, UCLA, Psychology, UCLA
Bernard, Weiner, UCLA, Psychology, University of Michigan
Eran, Zaidel, UCLA, Psychology, California Institute of Technology
Howard, Adelman, UCLA, Psychology, UCLA
Robert, Asarnow, UCLA, Psychology, Wayne State University
Bruce, Baker, UCLA, Psychology, Yale University
Carrie, Bearden, UCLA, Psychology, University of Pennsylvania
Robert, Bilder, UCLA, Psychology, City College
James, Bisley, UCLA, Psychology, University of Melbourne in Australia
Elizabeth, Bjork, UCLA, Psychology, University of Michigan
Jan, Blacher, UCLA, Psychology, University of North Carolina at Chapel Hill
Aaron, Blaisdell, UCLA, Psychology, SUNY Binghamton
Susan, Bookheimer, UCLA, Psychology, Wayne State University School of Medicine
Julienne, Bower, UCLA, Psychology, UCLA
Li, Cai, UCLA, Psychology, University of North Carolina - Chapel Hill
Alan, Castel, UCLA, Psychology, University of Toronto (2004)
Denise, Chavira, UCLA, Psychology, San Diego Sate University/University of California San Diego Joint Doctoral Program in Clinical Psychology
Patricia, Cheng, UCLA, Psychology, University of Michigan
Bruce, Chorpita, UCLA, Psychology, University at Albany
Mark, Cohen, UCLA, Psychology, The Rockefeller University
Barry, Collins, UCLA, Psychology, Ph.D. Northwestern University
Naomi, Eisenberger, UCLA, Psychology, UCLA
Craig, Fox, UCLA, Psychology, Stanford University
Andrew, Fuligni, UCLA, Psychology, University of Michigan
Adriana, Galván, UCLA, Psychology, Neuroscience at Weill Medical College of Cornell University
R., Geiselman, UCLA, Psychology, (Ohio University); MS (Ohio University); BS (Purdue University)
Phillip, Goff, UCLA, Psychology, Stanford University
Noah, Goldstein, UCLA, Psychology, Arizona State University
Elisheva, Gross, UCLA, Psychology, University of California
Martie, Haselton, UCLA, Psychology, University of Texas at Austin
Yuen, Huo, UCLA, Psychology, University of California
Alicia, Izquierdo, UCLA, Psychology, The George Washington University
J., Jentsch, UCLA, Psychology, Yale University (Neurobiology)
Scott, Johnson, UCLA, Psychology, Arizona State University
Benjamin, Karney, UCLA, Psychology, University of California
Danielle, Keenan-Miller, UCLA, Psychology, University of California
Barbara, Knowlton, UCLA, Psychology, Stanford University
Jennifer, Krull, UCLA, Psychology, Arizona State University
Steve, Lee, UCLA, Psychology, University of California
Matthew, Lieberman, UCLA, Psychology, Harvard University
Zili, Liu, UCLA, Psychology, Brown University
Hongjing, Lu, UCLA, Psychology, UCLA
Albert, Mehrabian, UCLA, Psychology, Clark University
Gregory, Miller, UCLA, Psychology, University of Wisconsin-Madison
Thomas, Minor, UCLA, Psychology, Ph.D. State University of New York at Stony Brook
Martin, Monti, UCLA, Psychology, Princeton University Ph.D. (2007)
Letitia, Peplau, UCLA, Psychology, Harvard University
Lara, Ray, UCLA, Psychology, University of Colorado at Boulder
Steven, Reise, UCLA, Psychology, University of Minnesota
Jesse, Rissman, UCLA, Psychology, University of California
Theodore, Robles, UCLA, Psychology, The Ohio State University
David, Sears, UCLA, Psychology, Yale University
Jenessa, Shapiro, UCLA, Psychology, Arizona State University
James, Stigler, UCLA, Psychology, University of Michigan
A., Tomiyama, UCLA, Psychology, UCLA
Nim, Tottenham, UCLA, Psychology, University of Minnesota: Developmental Psychology &amp; Neuroscience
Kate, Wassum, UCLA, Psychology, UCLA
Bernard, Weiner, UCLA, Psychology, University of Michigan
Eran, Zaidel, UCLA, Psychology, California Institute of Technology
Richard, Abel, UCLA, Law, School of Oriental and African Studies
Khaled, Abou, UCLA, Law, Islamic Studies
Asli, B&#226;li, UCLA, Law, 
William, Boyd, UCLA, Law, University of California
Taimie, Bryant, UCLA, Law, UCLA
Bruce, Carlin, UCLA, Law, Duke University
Duane, Champagne, UCLA, Law, Harvard University
Joshua, Dienstag, UCLA, Law, Princeton
Joseph, Doherty, UCLA, Law, UCLA 1992Ph
David, Dolinko, UCLA, Law, Philosophy
Sharon, Dolovich, UCLA, Law, Pol
Elliot, Dorff, UCLA, Law, 
Daniela, Dover, UCLA, Law, New York University
Stephen, Gardbaum, UCLA, Law, Political Theory
Gary, Gates, UCLA, Law, University of Pittsburgh at JohnstownM
Laura, G&#243;mez, UCLA, Law, Stanford University
Alan, Heinrich, UCLA, Law, State University of New York at Buffalo
Barbara, Herman, UCLA, Law, Harvard University
Jill, Horwitz, UCLA, Law, Harvard University
Matthew, Kahn, UCLA, Law, University of Chicago
Ilan, , UCLA, Law, Columbia University
Jennifer, Mnookin, UCLA, Law, History and Social Study of Science and Technology
Stephen, Nayak-Young, UCLA, Law, University of Michigan
Gary, Orfield, UCLA, Law, University of Chicago
Alfred, Osborne, UCLA, Law, Stanford University
Edward, Parson, UCLA, Law, Harvard University
Mark, Peterson, UCLA, Law, University of Michigan
Richard, Sander, UCLA, Law, Economics
Guy, Scoffoni, UCLA, Law, University of Paris
Richard, Steinberg, UCLA, Law, Stanford
Alexander, Stremitzer, UCLA, Law, 
Alexandra, Susman, UCLA, Law, Stanford University
Sherod, Thaxton, UCLA, Law, Emory University
Jordan, Woods, UCLA, Law, University of Cambridge
Jonathan, Zasloff, UCLA, Law, Harvard
Richard, Abel, UCLA, Law, School of Oriental and African Studies
Khaled, Abou, UCLA, Law, Islamic Studies
Asli, B&#226;li, UCLA, Law, 
William, Boyd, UCLA, Law, University of California
Taimie, Bryant, UCLA, Law, UCLA
Bruce, Carlin, UCLA, Law, Duke University
Duane, Champagne, UCLA, Law, Harvard University
Joshua, Dienstag, UCLA, Law, Princeton
Joseph, Doherty, UCLA, Law, UCLA 1992Ph
David, Dolinko, UCLA, Law, Philosophy
Sharon, Dolovich, UCLA, Law, Pol
Elliot, Dorff, UCLA, Law, 
Daniela, Dover, UCLA, Law, New York University
Stephen, Gardbaum, UCLA, Law, Political Theory
Gary, Gates, UCLA, Law, University of Pittsburgh at JohnstownM
Laura, G&#243;mez, UCLA, Law, Stanford University
Alan, Heinrich, UCLA, Law, State University of New York at Buffalo
Barbara, Herman, UCLA, Law, Harvard University
Jill, Horwitz, UCLA, Law, Harvard University
Matthew, Kahn, UCLA, Law, University of Chicago
Ilan, , UCLA, Law, Columbia University
Jennifer, Mnookin, UCLA, Law, History and Social Study of Science and Technology
Stephen, Nayak-Young, UCLA, Law, University of Michigan
Gary, Orfield, UCLA, Law, University of Chicago
Alfred, Osborne, UCLA, Law, Stanford University
Edward, Parson, UCLA, Law, Harvard University
Mark, Peterson, UCLA, Law, University of Michigan
Richard, Sander, UCLA, Law, Economics
Guy, Scoffoni, UCLA, Law, University of Paris
Richard, Steinberg, UCLA, Law, Stanford
Alexander, Stremitzer, UCLA, Law, 
Alexandra, Susman, UCLA, Law, Stanford University
Sherod, Thaxton, UCLA, Law, Emory University
Jordan, Woods, UCLA, Law, University of Cambridge
Jonathan, Zasloff, UCLA, Law, Harvard
Richard, Abel, UCLA, Law, School of Oriental and African Studies
Khaled, Abou, UCLA, Law, Islamic Studies
Asli, B&#226;li, UCLA, Law, 
William, Boyd, UCLA, Law, University of California
Taimie, Bryant, UCLA, Law, UCLA
Bruce, Carlin, UCLA, Law, Duke University
Duane, Champagne, UCLA, Law, Harvard University
Joshua, Dienstag, UCLA, Law, Princeton
Joseph, Doherty, UCLA, Law, UCLA 1992Ph
David, Dolinko, UCLA, Law, Philosophy
Sharon, Dolovich, UCLA, Law, Pol
Elliot, Dorff, UCLA, Law, 
Daniela, Dover, UCLA, Law, New York University
Stephen, Gardbaum, UCLA, Law, Political Theory
Gary, Gates, UCLA, Law, University of Pittsburgh at JohnstownM
Laura, G&#243;mez, UCLA, Law, Stanford University
Alan, Heinrich, UCLA, Law, State University of New York at Buffalo
Barbara, Herman, UCLA, Law, Harvard University
Jill, Horwitz, UCLA, Law, Harvard University
Matthew, Kahn, UCLA, Law, University of Chicago
Ilan, , UCLA, Law, Columbia University
Jennifer, Mnookin, UCLA, Law, History and Social Study of Science and Technology
Stephen, Nayak-Young, UCLA, Law, University of Michigan
Gary, Orfield, UCLA, Law, University of Chicago
Alfred, Osborne, UCLA, Law, Stanford University
Edward, Parson, UCLA, Law, Harvard University
Mark, Peterson, UCLA, Law, University of Michigan
Richard, Sander, UCLA, Law, Economics
Guy, Scoffoni, UCLA, Law, University of Paris
Richard, Steinberg, UCLA, Law, Stanford
Alexander, Stremitzer, UCLA, Law, 
Alexandra, Susman, UCLA, Law, Stanford University
Sherod, Thaxton, UCLA, Law, Emory University
Jordan, Woods, UCLA, Law, University of Cambridge
Jonathan, Zasloff, UCLA, Law, Harvard
